Monitored well-modulated support,in tempor turpis nec euismod scelerisque quam turpis adipiscing lorem vitae mattis nibh,2019-07-03T18:57:44Z,2020-12-26T20:32:48Z,false,true,true
Reactive leading edge project,vel accumsan tellus nisi eu orci mauris lacinia sapien quis libero nullam sit amet turpis elementum ligula vehicula consequat morbi,2019-08-12T11:03:04Z,2019-11-12T00:58:24Z,true,false,true
Secured asymmetric attitude,ut volutpat sapien arcu sed augue aliquam erat volutpat in congue etiam justo etiam pretium iaculis justo in hac,2019-07-26T01:38:42Z,2020-10-22T22:41:07Z,false,true,true
Universal web-enabled info-mediaries,etiam justo etiam pretium iaculis justo in hac habitasse platea dictumst etiam faucibus cursus urna ut tellus,2019-09-17T12:01:00Z,2020-08-05T16:24:44Z,false,true,true
Compatible human-resource Graphic Interface,laoreet ut rhoncus aliquet pulvinar sed nisl nunc rhoncus dui vel sem sed sagittis nam congue risus semper porta volutpat,2019-11-09T08:30:06Z,2020-07-22T13:22:16Z,false,false,false
Inverse 3rd generation customer loyalty,dui nec nisi volutpat eleifend donec ut dolor morbi vel lectus in,2019-08-30T15:36:08Z,2020-08-15T21:01:36Z,true,false,false
Diverse national monitoring,mollis molestie lorem quisque ut erat curabitur gravida nisi at nibh in hac habitasse platea dictumst aliquam augue quam sollicitudin,2019-08-11T14:43:06Z,2020-05-26T10:19:38Z,false,false,true
Programmable upward-trending projection,ultrices aliquet maecenas leo odio condimentum id luctus nec molestie sed justo,2020-03-19T12:52:20Z,2020-10-22T19:21:57Z,true,true,true
Ameliorated radical frame,in quam fringilla rhoncus mauris enim leo rhoncus sed vestibulum sit amet cursus id turpis integer aliquet massa,2019-05-29T08:57:33Z,2020-04-20T09:47:34Z,true,false,true
Ergonomic needs-based capacity,mattis nibh ligula nec sem duis aliquam convallis nunc proin at,2020-06-18T22:37:10Z,2020-03-19T21:44:04Z,false,false,false
Right-sized attitude-oriented capability,curabitur convallis duis consequat dui nec nisi volutpat eleifend donec,2020-07-24T06:42:35Z,2020-03-17T10:00:33Z,false,true,false
Advanced impactful migration,a odio in hac habitasse platea dictumst maecenas ut massa quis augue luctus tincidunt nulla,2020-03-22T23:13:08Z,2020-11-14T02:59:28Z,false,true,true
Upgradable systematic challenge,platea dictumst morbi vestibulum velit id pretium iaculis diam erat fermentum justo nec condimentum neque sapien placerat,2019-08-26T11:58:14Z,2020-10-27T10:55:17Z,true,false,true
Programmable 24/7 capability,in faucibus orci luctus et ultrices posuere cubilia curae donec,2019-07-18T00:14:12Z,2020-05-22T05:38:17Z,true,false,false
Profit-focused interactive info-mediaries,erat tortor sollicitudin mi sit amet lobortis sapien sapien non mi,2020-08-23T07:23:40Z,2020-03-01T10:19:03Z,false,false,false
Adaptive holistic attitude,vulputate luctus cum sociis natoque penatibus et magnis dis parturient montes nascetur ridiculus mus vivamus vestibulum sagittis sapien cum,2019-08-23T07:33:08Z,2019-12-27T03:36:14Z,true,true,true
Managed actuating data-warehouse,id nulla ultrices aliquet maecenas leo odio condimentum id luctus nec molestie sed justo pellentesque viverra pede ac,2019-10-13T02:15:35Z,2019-10-15T00:19:32Z,true,true,true
Monitored real-time access,vestibulum sit amet cursus id turpis integer aliquet massa id lobortis convallis tortor risus,2019-07-15T06:17:29Z,2019-12-22T09:29:30Z,true,true,false
Optional modular core,in felis donec semper sapien a libero nam dui proin leo odio porttitor id consequat in consequat,2020-01-07T22:06:09Z,2020-10-01T13:03:10Z,true,false,false
Right-sized bottom-line access,sem mauris laoreet ut rhoncus aliquet pulvinar sed nisl nunc rhoncus dui vel sem sed sagittis nam,2019-08-19T13:36:43Z,2020-02-15T05:09:55Z,false,false,false
Fundamental tangible system engine,enim leo rhoncus sed vestibulum sit amet cursus id turpis integer aliquet massa id lobortis convallis tortor,2019-12-15T21:30:26Z,2019-11-15T12:17:50Z,false,true,true
Synchronised interactive system engine,nulla ut erat id mauris vulputate elementum nullam varius nulla facilisi cras non velit nec nisi vulputate nonummy maecenas tincidunt,2020-06-19T06:28:55Z,2020-02-17T11:07:54Z,true,true,true
Switchable multi-tasking knowledge base,nec nisi vulputate nonummy maecenas tincidunt lacus at velit vivamus vel nulla eget eros elementum pellentesque quisque porta volutpat,2019-09-02T12:20:20Z,2020-09-27T12:56:38Z,false,false,false
Open-architected reciprocal open system,justo lacinia eget tincidunt eget tempus vel pede morbi porttitor lorem id ligula suspendisse ornare,2020-03-16T23:02:57Z,2020-08-25T06:59:40Z,true,true,false
Open-architected optimizing info-mediaries,massa quis augue luctus tincidunt nulla mollis molestie lorem quisque ut erat curabitur gravida nisi at nibh in,2019-10-03T22:32:22Z,2020-05-15T00:27:04Z,false,false,true
Secured fault-tolerant leverage,ridiculus mus vivamus vestibulum sagittis sapien cum sociis natoque penatibus et magnis dis parturient montes nascetur ridiculus mus etiam,2020-09-26T23:55:35Z,2020-04-19T03:46:16Z,true,false,true
Expanded system-worthy concept,mus etiam vel augue vestibulum rutrum rutrum neque aenean auctor gravida sem praesent,2020-03-23T19:23:08Z,2020-03-19T21:26:39Z,true,false,true
Intuitive bottom-line definition,suscipit nulla elit ac nulla sed vel enim sit amet nunc viverra dapibus nulla suscipit ligula,2020-01-13T22:23:28Z,2019-11-14T16:04:49Z,false,false,true
Re-contextualized mobile complexity,nulla mollis molestie lorem quisque ut erat curabitur gravida nisi at nibh,2020-06-23T18:38:40Z,2020-07-28T07:00:09Z,false,false,false
Proactive composite array,augue a suscipit nulla elit ac nulla sed vel enim sit amet,2020-05-01T14:57:04Z,2019-11-07T15:35:16Z,true,false,false
Object-based contextually-based help-desk,lacus morbi quis tortor id nulla ultrices aliquet maecenas leo odio,2020-01-10T15:34:32Z,2020-07-16T04:41:51Z,true,true,false
Synergistic multimedia attitude,sit amet turpis elementum ligula vehicula consequat morbi a ipsum integer a nibh in quis justo maecenas,2019-08-02T19:53:13Z,2020-08-22T13:06:13Z,false,false,true
Seamless systemic hardware,id lobortis convallis tortor risus dapibus augue vel accumsan tellus nisi eu orci mauris lacinia sapien quis libero nullam,2020-09-08T07:45:55Z,2019-11-28T12:00:08Z,false,false,false
Inverse disintermediate migration,ultrices mattis odio donec vitae nisi nam ultrices libero non mattis pulvinar nulla pede ullamcorper augue a,2019-09-22T16:33:38Z,2020-02-09T20:18:18Z,true,true,false
Virtual static knowledge base,quam sapien varius ut blandit non interdum in ante vestibulum ante ipsum primis in faucibus orci luctus et ultrices posuere,2020-09-12T05:49:14Z,2020-01-25T16:00:24Z,false,false,true
Devolved 3rd generation budgetary management,orci luctus et ultrices posuere cubilia curae donec pharetra magna,2019-06-14T13:30:07Z,2020-06-11T16:50:31Z,true,false,false
Automated neutral algorithm,dui maecenas tristique est et tempus semper est quam pharetra magna ac consequat,2020-09-25T08:30:45Z,2020-10-18T21:53:55Z,true,true,false
Optimized modular matrices,vel nulla eget eros elementum pellentesque quisque porta volutpat erat quisque erat eros viverra eget congue eget semper,2020-08-17T09:52:48Z,2020-07-03T07:18:40Z,true,false,false
Vision-oriented dynamic hub,in faucibus orci luctus et ultrices posuere cubilia curae duis faucibus accumsan odio curabitur convallis duis,2019-10-12T07:33:01Z,2020-03-25T05:26:12Z,false,true,false
Mandatory hybrid pricing structure,sit amet nunc viverra dapibus nulla suscipit ligula in lacus curabitur at ipsum ac tellus semper interdum mauris,2020-08-26T08:43:52Z,2020-11-27T21:07:19Z,true,false,false
Optimized non-volatile capacity,dui nec nisi volutpat eleifend donec ut dolor morbi vel lectus,2020-08-03T13:42:51Z,2020-03-30T02:20:24Z,true,true,true
Extended context-sensitive circuit,libero non mattis pulvinar nulla pede ullamcorper augue a suscipit nulla elit ac nulla sed vel enim sit,2020-07-07T17:55:19Z,2020-11-10T22:35:28Z,true,false,true
Total exuding system engine,habitasse platea dictumst maecenas ut massa quis augue luctus tincidunt nulla mollis,2020-08-02T02:10:25Z,2020-04-07T05:25:09Z,true,false,true
Fundamental demand-driven synergy,vestibulum ante ipsum primis in faucibus orci luctus et ultrices posuere cubilia curae mauris viverra diam vitae quam suspendisse potenti,2020-05-22T22:08:02Z,2020-06-27T20:18:40Z,true,true,true
Cross-group dynamic functionalities,ligula in lacus curabitur at ipsum ac tellus semper interdum mauris,2020-07-06T03:33:57Z,2020-11-26T16:41:52Z,true,true,false
Business-focused logistical projection,augue luctus tincidunt nulla mollis molestie lorem quisque ut erat curabitur gravida nisi at,2019-11-23T10:38:17Z,2020-03-05T04:17:25Z,true,false,true
Customizable web-enabled project,platea dictumst morbi vestibulum velit id pretium iaculis diam erat fermentum justo,2020-02-15T03:34:12Z,2020-08-13T01:42:22Z,true,false,true
Devolved exuding array,lacinia aenean sit amet justo morbi ut odio cras mi pede malesuada in imperdiet et commodo vulputate justo,2020-06-19T21:28:06Z,2020-09-09T17:15:48Z,false,false,true
Devolved next generation knowledge base,ante nulla justo aliquam quis turpis eget elit sodales scelerisque mauris,2020-04-10T03:16:19Z,2020-03-14T18:44:39Z,true,true,true
Managed fault-tolerant data-warehouse,quisque arcu libero rutrum ac lobortis vel dapibus at diam,2020-07-05T04:15:56Z,2020-09-17T18:21:30Z,false,false,true
Public-key interactive database,pede justo lacinia eget tincidunt eget tempus vel pede morbi porttitor lorem id ligula suspendisse,2019-05-31T09:48:59Z,2020-08-23T12:37:21Z,false,false,true
Reactive dynamic project,nisl venenatis lacinia aenean sit amet justo morbi ut odio cras mi pede malesuada in imperdiet et commodo vulputate,2019-07-17T03:55:48Z,2020-06-09T14:48:24Z,false,true,false
Fully-configurable mobile application,proin risus praesent lectus vestibulum quam sapien varius ut blandit non interdum in ante vestibulum ante ipsum,2019-06-14T22:18:41Z,2019-12-25T12:17:45Z,true,false,true
Innovative dedicated website,pretium quis lectus suspendisse potenti in eleifend quam a odio in,2020-04-12T09:11:14Z,2020-05-14T12:40:52Z,false,false,false
Re-contextualized holistic contingency,in sagittis dui vel nisl duis ac nibh fusce lacus purus aliquet at feugiat non pretium quis lectus,2020-06-29T04:55:20Z,2020-06-03T16:53:09Z,false,false,true
Cross-platform contextually-based superstructure,sit amet diam in magna bibendum imperdiet nullam orci pede venenatis non sodales sed tincidunt eu felis fusce,2020-04-20T01:49:35Z,2020-02-24T14:53:49Z,false,false,true
Inverse object-oriented monitoring,etiam pretium iaculis justo in hac habitasse platea dictumst etiam faucibus cursus urna ut,2019-08-21T14:09:37Z,2020-07-02T10:22:18Z,true,false,true
Optional optimal product,primis in faucibus orci luctus et ultrices posuere cubilia curae duis faucibus accumsan odio curabitur convallis duis consequat,2020-09-10T04:14:03Z,2020-09-02T15:40:15Z,false,true,false
Devolved upward-trending attitude,molestie nibh in lectus pellentesque at nulla suspendisse potenti cras in purus eu magna vulputate luctus cum,2019-06-23T20:40:35Z,2020-12-13T19:36:55Z,false,true,false
Programmable cohesive alliance,at feugiat non pretium quis lectus suspendisse potenti in eleifend quam a odio in hac,2019-07-26T02:08:59Z,2020-03-28T15:33:58Z,false,true,false
Secured bi-directional core,et ultrices posuere cubilia curae nulla dapibus dolor vel est donec odio justo sollicitudin ut suscipit a feugiat et eros,2019-07-01T16:59:43Z,2020-03-16T19:41:54Z,false,false,true
Cross-group real-time open architecture,condimentum neque sapien placerat ante nulla justo aliquam quis turpis eget elit sodales scelerisque mauris sit amet,2019-12-20T13:58:14Z,2019-12-10T12:00:00Z,true,false,true
Customizable heuristic portal,nunc viverra dapibus nulla suscipit ligula in lacus curabitur at ipsum ac tellus semper interdum mauris ullamcorper purus sit,2019-07-20T23:16:21Z,2019-10-28T05:09:44Z,true,false,false
Decentralized responsive task-force,nibh in hac habitasse platea dictumst aliquam augue quam sollicitudin vitae consectetuer eget,2019-10-31T08:34:55Z,2020-07-09T11:30:15Z,false,false,true
Multi-layered fresh-thinking extranet,mauris ullamcorper purus sit amet nulla quisque arcu libero rutrum,2019-11-23T20:45:12Z,2020-10-27T22:19:55Z,true,false,false
Optimized background firmware,convallis duis consequat dui nec nisi volutpat eleifend donec ut dolor morbi vel lectus in quam fringilla rhoncus mauris enim,2020-06-20T00:59:13Z,2020-05-06T12:47:17Z,true,true,false
Exclusive actuating adapter,dictumst etiam faucibus cursus urna ut tellus nulla ut erat id mauris,2020-09-21T01:15:26Z,2020-05-02T13:52:40Z,true,true,false
Persistent background benchmark,eu tincidunt in leo maecenas pulvinar lobortis est phasellus sit amet erat nulla,2019-10-07T19:58:32Z,2019-10-21T11:46:03Z,false,false,true
Compatible value-added system engine,morbi a ipsum integer a nibh in quis justo maecenas rhoncus,2020-06-13T11:12:04Z,2020-06-27T04:32:25Z,false,true,false
Streamlined empowering projection,morbi ut odio cras mi pede malesuada in imperdiet et commodo vulputate justo,2020-04-29T04:04:16Z,2020-06-25T12:23:58Z,true,true,false
Horizontal 24/7 solution,sollicitudin vitae consectetuer eget rutrum at lorem integer tincidunt ante vel ipsum praesent blandit lacinia erat vestibulum sed magna,2019-06-04T19:04:07Z,2020-09-16T17:16:32Z,true,true,false
Cross-group bifurcated open architecture,gravida sem praesent id massa id nisl venenatis lacinia aenean sit amet justo morbi ut odio cras mi pede,2020-08-31T13:22:00Z,2020-09-08T10:51:23Z,false,false,false
Integrated client-server knowledge user,volutpat sapien arcu sed augue aliquam erat volutpat in congue etiam justo etiam pretium iaculis justo in hac habitasse,2020-05-29T10:34:58Z,2020-10-27T02:48:26Z,true,true,false
Re-engineered coherent definition,vitae nisi nam ultrices libero non mattis pulvinar nulla pede ullamcorper augue a suscipit nulla elit ac nulla,2020-09-18T17:32:05Z,2020-08-29T07:59:37Z,true,false,true
Monitored intangible portal,nec molestie sed justo pellentesque viverra pede ac diam cras pellentesque volutpat dui maecenas tristique est et,2020-01-15T21:35:42Z,2020-03-09T07:07:03Z,false,false,false
Business-focused zero administration database,ipsum ac tellus semper interdum mauris ullamcorper purus sit amet nulla quisque arcu libero rutrum ac lobortis vel,2020-04-26T22:29:47Z,2020-07-02T07:23:09Z,true,false,false
Multi-lateral interactive knowledge base,proin interdum mauris non ligula pellentesque ultrices phasellus id sapien in,2020-05-20T22:29:10Z,2020-12-18T19:16:19Z,true,false,true
Networked global methodology,rhoncus sed vestibulum sit amet cursus id turpis integer aliquet massa id lobortis convallis tortor risus dapibus augue vel,2019-10-07T11:48:08Z,2020-12-19T17:05:56Z,false,true,true
Configurable interactive functionalities,libero convallis eget eleifend luctus ultricies eu nibh quisque id justo sit amet sapien dignissim vestibulum vestibulum ante,2020-04-11T09:54:53Z,2020-09-13T00:42:56Z,false,true,true
Advanced intermediate initiative,phasellus id sapien in sapien iaculis congue vivamus metus arcu adipiscing molestie hendrerit,2019-06-29T22:00:30Z,2020-05-18T21:22:20Z,true,false,false
Fundamental global challenge,pulvinar nulla pede ullamcorper augue a suscipit nulla elit ac nulla sed vel enim sit amet nunc viverra dapibus,2019-09-13T06:51:13Z,2020-11-12T18:13:58Z,true,false,true
Right-sized solution-oriented focus group,pharetra magna ac consequat metus sapien ut nunc vestibulum ante ipsum primis in,2020-05-30T00:20:09Z,2020-06-10T00:44:06Z,false,true,true
Future-proofed well-modulated migration,accumsan tortor quis turpis sed ante vivamus tortor duis mattis egestas metus,2020-04-29T02:14:46Z,2020-10-09T16:24:24Z,true,false,false
Adaptive impactful success,fusce posuere felis sed lacus morbi sem mauris laoreet ut rhoncus aliquet pulvinar,2020-04-28T21:11:05Z,2020-08-28T13:35:28Z,false,false,false
Organized well-modulated intranet,mauris morbi non lectus aliquam sit amet diam in magna,2020-07-22T17:46:11Z,2020-02-07T14:07:47Z,false,true,false
Digitized fresh-thinking policy,nulla facilisi cras non velit nec nisi vulputate nonummy maecenas tincidunt lacus,2019-07-08T19:59:47Z,2020-07-04T23:03:57Z,false,true,true
Cross-platform uniform Graphic Interface,lectus aliquam sit amet diam in magna bibendum imperdiet nullam orci pede venenatis non sodales sed,2020-08-31T11:31:01Z,2020-08-15T11:22:07Z,true,true,true
Visionary bottom-line flexibility,est quam pharetra magna ac consequat metus sapien ut nunc vestibulum ante ipsum primis in faucibus orci luctus et ultrices,2020-06-07T18:09:30Z,2020-07-18T11:26:05Z,true,true,false
Front-line systematic portal,congue risus semper porta volutpat quam pede lobortis ligula sit amet eleifend pede libero,2019-11-27T00:28:44Z,2020-06-24T08:23:46Z,true,false,true
Optional systematic structure,in lacus curabitur at ipsum ac tellus semper interdum mauris ullamcorper purus,2019-12-21T00:29:56Z,2020-02-03T01:32:41Z,true,false,true
Monitored coherent success,risus dapibus augue vel accumsan tellus nisi eu orci mauris lacinia sapien quis libero nullam,2020-08-04T15:02:06Z,2020-01-14T06:09:52Z,true,true,true
Re-engineered even-keeled software,et eros vestibulum ac est lacinia nisi venenatis tristique fusce congue diam id ornare imperdiet sapien urna pretium nisl ut,2019-12-16T12:25:51Z,2020-07-25T16:41:13Z,true,true,false
Open-source 4th generation support,habitasse platea dictumst etiam faucibus cursus urna ut tellus nulla ut,2019-06-22T16:54:12Z,2020-01-07T19:04:10Z,true,false,true
Innovative bifurcated collaboration,ridiculus mus vivamus vestibulum sagittis sapien cum sociis natoque penatibus et magnis dis parturient montes nascetur ridiculus mus etiam,2019-10-27T02:07:00Z,2019-11-16T19:19:19Z,true,true,true
Realigned zero administration encoding,varius ut blandit non interdum in ante vestibulum ante ipsum primis in faucibus orci,2020-04-25T05:18:23Z,2019-11-24T13:59:35Z,false,false,true
Function-based explicit architecture,nulla facilisi cras non velit nec nisi vulputate nonummy maecenas tincidunt lacus,2019-11-28T18:17:22Z,2020-07-05T02:50:24Z,false,false,true
Re-contextualized composite help-desk,penatibus et magnis dis parturient montes nascetur ridiculus mus etiam vel augue vestibulum rutrum rutrum neque,2020-06-13T00:29:06Z,2020-11-19T17:23:58Z,true,false,true
Triple-buffered object-oriented functionalities,convallis tortor risus dapibus augue vel accumsan tellus nisi eu orci mauris lacinia sapien quis libero,2019-06-20T14:08:55Z,2019-12-14T02:44:27Z,true,false,false
Multi-layered needs-based capability,consequat in consequat ut nulla sed accumsan felis ut at dolor quis odio consequat varius integer ac,2020-07-31T15:17:20Z,2020-09-26T08:12:25Z,true,false,false
Future-proofed multi-tasking knowledge base,suspendisse potenti cras in purus eu magna vulputate luctus cum sociis natoque penatibus et,2019-10-25T13:12:37Z,2019-11-27T22:20:50Z,false,false,true
Distributed responsive concept,non mauris morbi non lectus aliquam sit amet diam in magna bibendum,2019-12-20T02:49:53Z,2020-10-03T13:06:14Z,false,false,true
Object-based heuristic architecture,magna vestibulum aliquet ultrices erat tortor sollicitudin mi sit amet lobortis sapien sapien non mi integer ac neque duis bibendum,2020-03-14T08:56:52Z,2019-12-19T08:20:02Z,false,false,false
Synergistic methodical challenge,posuere felis sed lacus morbi sem mauris laoreet ut rhoncus aliquet pulvinar sed nisl nunc rhoncus dui vel sem sed,2020-08-08T13:18:43Z,2020-02-12T07:10:49Z,true,true,false
Vision-oriented upward-trending projection,et magnis dis parturient montes nascetur ridiculus mus etiam vel augue vestibulum rutrum rutrum neque aenean auctor,2020-06-06T06:24:51Z,2020-07-10T01:54:30Z,false,false,true
Enhanced intangible workforce,imperdiet et commodo vulputate justo in blandit ultrices enim lorem ipsum,2020-08-19T04:43:48Z,2020-01-25T07:23:04Z,false,true,true
Inverse composite website,urna pretium nisl ut volutpat sapien arcu sed augue aliquam erat volutpat in congue etiam justo etiam pretium iaculis,2020-05-31T19:46:50Z,2020-12-23T07:25:08Z,true,true,true
Re-contextualized empowering adapter,purus sit amet nulla quisque arcu libero rutrum ac lobortis vel dapibus at,2020-05-23T08:30:56Z,2020-02-22T18:13:02Z,true,true,false
Ameliorated coherent projection,id turpis integer aliquet massa id lobortis convallis tortor risus dapibus augue vel,2019-08-09T16:31:16Z,2020-06-26T03:56:22Z,true,true,true
Universal value-added alliance,fringilla rhoncus mauris enim leo rhoncus sed vestibulum sit amet cursus,2020-01-22T01:28:13Z,2020-05-19T03:47:27Z,true,true,true
Versatile modular function,viverra dapibus nulla suscipit ligula in lacus curabitur at ipsum ac,2019-07-13T14:33:34Z,2020-04-02T09:27:35Z,false,false,false
Synchronised context-sensitive standardization,sit amet consectetuer adipiscing elit proin interdum mauris non ligula pellentesque ultrices phasellus id,2020-02-12T05:31:26Z,2020-12-15T21:19:59Z,false,true,false
Virtual multi-state software,velit id pretium iaculis diam erat fermentum justo nec condimentum neque sapien placerat ante nulla justo,2020-03-02T02:33:57Z,2020-02-06T10:25:37Z,false,false,false
Operative systemic structure,ornare consequat lectus in est risus auctor sed tristique in tempus sit,2019-09-10T22:21:11Z,2019-11-14T16:08:52Z,true,true,true
Proactive client-server product,turpis donec posuere metus vitae ipsum aliquam non mauris morbi non lectus aliquam sit,2020-06-20T12:50:28Z,2019-10-26T19:06:08Z,true,true,false
Polarised 4th generation paradigm,imperdiet nullam orci pede venenatis non sodales sed tincidunt eu felis fusce posuere,2019-06-26T22:07:37Z,2020-03-18T04:23:41Z,false,true,true
Multi-channelled intermediate adapter,consectetuer adipiscing elit proin risus praesent lectus vestibulum quam sapien varius ut blandit non interdum,2020-06-14T20:32:57Z,2020-12-19T13:34:09Z,false,true,true
Synchronised 24/7 hub,nisi vulputate nonummy maecenas tincidunt lacus at velit vivamus vel nulla eget eros elementum pellentesque quisque,2020-05-06T07:48:43Z,2019-11-19T20:31:56Z,false,false,false
Focused solution-oriented help-desk,erat nulla tempus vivamus in felis eu sapien cursus vestibulum proin eu mi nulla ac enim in tempor turpis nec,2020-01-02T18:05:03Z,2020-02-24T20:21:13Z,false,true,true
Stand-alone intermediate algorithm,ultrices libero non mattis pulvinar nulla pede ullamcorper augue a suscipit nulla elit ac nulla sed vel enim sit amet,2020-03-13T13:47:05Z,2020-08-18T06:34:12Z,true,true,false
Multi-layered 3rd generation focus group,nec condimentum neque sapien placerat ante nulla justo aliquam quis turpis eget elit sodales scelerisque mauris sit amet eros suspendisse,2020-02-17T06:54:47Z,2019-10-13T23:01:34Z,false,false,false
Digitized secondary access,potenti nullam porttitor lacus at turpis donec posuere metus vitae ipsum aliquam non mauris morbi non lectus,2020-07-25T06:19:36Z,2020-06-01T16:55:20Z,true,true,false
Reactive grid-enabled time-frame,morbi vel lectus in quam fringilla rhoncus mauris enim leo rhoncus sed vestibulum sit amet,2019-08-15T01:39:08Z,2020-06-25T06:57:48Z,true,false,true
Self-enabling foreground artificial intelligence,aliquam sit amet diam in magna bibendum imperdiet nullam orci pede venenatis non,2019-07-17T21:50:12Z,2019-11-07T19:10:18Z,false,true,false
Centralized systemic implementation,mauris lacinia sapien quis libero nullam sit amet turpis elementum ligula vehicula consequat morbi,2019-10-07T11:37:54Z,2019-10-26T20:43:39Z,false,false,false
Persevering systemic task-force,pede malesuada in imperdiet et commodo vulputate justo in blandit ultrices enim lorem ipsum dolor sit amet consectetuer adipiscing elit,2020-08-10T21:13:33Z,2019-10-22T22:55:44Z,false,true,false
Enhanced asynchronous Graphical User Interface,tincidunt lacus at velit vivamus vel nulla eget eros elementum pellentesque quisque porta volutpat erat quisque erat eros viverra eget,2019-11-01T17:18:02Z,2020-09-07T23:57:33Z,false,true,true
Polarised holistic implementation,porta volutpat quam pede lobortis ligula sit amet eleifend pede libero quis orci nullam molestie nibh in,2020-09-20T03:19:07Z,2019-10-10T19:09:43Z,false,true,false
Upgradable optimal installation,non mattis pulvinar nulla pede ullamcorper augue a suscipit nulla elit,2020-07-17T09:42:14Z,2019-10-16T08:20:43Z,true,true,true
Optimized empowering circuit,dui maecenas tristique est et tempus semper est quam pharetra magna ac consequat metus sapien ut nunc,2019-07-12T03:21:19Z,2020-08-16T14:25:48Z,true,true,false
Extended motivating database,ligula pellentesque ultrices phasellus id sapien in sapien iaculis congue vivamus metus arcu adipiscing molestie hendrerit at vulputate vitae nisl,2020-06-28T09:12:58Z,2020-05-17T13:22:11Z,false,true,true
Inverse systematic extranet,blandit lacinia erat vestibulum sed magna at nunc commodo placerat,2019-05-25T03:18:20Z,2020-01-24T11:36:57Z,false,true,false
Streamlined well-modulated archive,justo sit amet sapien dignissim vestibulum vestibulum ante ipsum primis,2020-03-27T14:11:16Z,2020-10-11T14:12:30Z,true,true,false
User-friendly 5th generation leverage,lacinia eget tincidunt eget tempus vel pede morbi porttitor lorem id ligula suspendisse ornare consequat lectus in,2020-03-01T23:43:43Z,2020-11-15T16:44:52Z,true,false,false
Distributed 24/7 hub,lobortis sapien sapien non mi integer ac neque duis bibendum morbi non,2019-06-04T18:11:58Z,2020-03-31T06:05:55Z,false,true,false
Visionary non-volatile monitoring,dolor sit amet consectetuer adipiscing elit proin risus praesent lectus vestibulum quam sapien varius,2019-06-26T23:56:42Z,2020-08-13T00:38:26Z,false,false,false
Enterprise-wide demand-driven methodology,leo odio porttitor id consequat in consequat ut nulla sed accumsan,2019-11-06T19:40:05Z,2020-03-27T18:03:09Z,false,true,false
Progressive local functionalities,ipsum primis in faucibus orci luctus et ultrices posuere cubilia curae nulla dapibus dolor vel est donec odio,2020-08-27T05:06:41Z,2020-04-18T01:53:04Z,false,false,true
Seamless interactive groupware,congue diam id ornare imperdiet sapien urna pretium nisl ut volutpat sapien arcu sed,2020-03-08T14:20:31Z,2020-08-22T07:17:00Z,false,true,true
Switchable multimedia hub,pede lobortis ligula sit amet eleifend pede libero quis orci nullam molestie nibh in lectus,2020-05-13T08:21:05Z,2020-09-30T04:27:28Z,false,true,true
Ergonomic interactive knowledge user,sed interdum venenatis turpis enim blandit mi in porttitor pede justo eu massa donec dapibus duis at velit eu est,2020-08-20T14:27:28Z,2020-07-26T14:03:51Z,true,true,false
Enhanced encompassing intranet,morbi sem mauris laoreet ut rhoncus aliquet pulvinar sed nisl nunc rhoncus,2020-08-05T09:07:53Z,2020-08-18T17:38:15Z,false,true,true
Reactive heuristic artificial intelligence,augue aliquam erat volutpat in congue etiam justo etiam pretium iaculis justo in,2020-01-18T13:44:29Z,2020-08-07T12:25:23Z,true,false,true
Open-architected exuding circuit,nullam porttitor lacus at turpis donec posuere metus vitae ipsum aliquam non mauris morbi non lectus aliquam sit,2019-09-21T04:40:27Z,2020-03-09T08:32:26Z,true,false,false
Devolved neutral migration,morbi vel lectus in quam fringilla rhoncus mauris enim leo rhoncus sed,2020-04-29T03:34:21Z,2020-04-06T23:56:57Z,false,true,true
Right-sized value-added collaboration,tristique fusce congue diam id ornare imperdiet sapien urna pretium nisl,2019-07-31T07:03:03Z,2020-10-30T12:59:17Z,true,true,false
Compatible context-sensitive open architecture,rutrum neque aenean auctor gravida sem praesent id massa id nisl venenatis lacinia aenean sit,2019-12-05T13:36:23Z,2020-04-27T16:43:33Z,false,false,true
Organic full-range functionalities,ultrices mattis odio donec vitae nisi nam ultrices libero non mattis pulvinar nulla pede ullamcorper augue a suscipit nulla,2020-09-22T02:31:53Z,2020-03-03T00:05:31Z,true,true,false
Quality-focused intermediate toolset,tempus vel pede morbi porttitor lorem id ligula suspendisse ornare consequat lectus in,2020-01-03T12:58:49Z,2020-05-05T14:18:29Z,false,true,true
Cloned intangible middleware,sit amet consectetuer adipiscing elit proin interdum mauris non ligula pellentesque,2020-01-19T03:16:07Z,2020-08-29T02:20:58Z,false,false,true
Fundamental bifurcated productivity,aliquam sit amet diam in magna bibendum imperdiet nullam orci pede venenatis non sodales sed tincidunt eu felis fusce,2019-06-25T02:57:36Z,2020-06-08T08:13:22Z,false,false,true
Down-sized tertiary challenge,ipsum dolor sit amet consectetuer adipiscing elit proin interdum mauris non ligula pellentesque ultrices phasellus id,2020-03-08T13:55:51Z,2020-06-08T20:14:34Z,false,false,false
Cross-platform grid-enabled ability,ultrices phasellus id sapien in sapien iaculis congue vivamus metus arcu adipiscing molestie,2019-08-18T19:40:44Z,2020-03-17T21:22:00Z,true,false,false
Persistent well-modulated standardization,integer ac neque duis bibendum morbi non quam nec dui luctus rutrum nulla tellus in sagittis dui vel nisl,2019-10-24T01:27:06Z,2020-09-08T02:18:55Z,true,true,true
Phased heuristic service-desk,mattis egestas metus aenean fermentum donec ut mauris eget massa tempor convallis nulla neque libero convallis,2020-01-19T12:25:11Z,2020-06-12T01:23:36Z,false,false,false
Organized systemic hierarchy,consectetuer adipiscing elit proin interdum mauris non ligula pellentesque ultrices phasellus id sapien,2019-10-15T14:14:16Z,2020-12-25T20:44:40Z,true,true,true
Open-architected human-resource model,venenatis non sodales sed tincidunt eu felis fusce posuere felis sed lacus morbi sem,2020-03-29T12:42:56Z,2020-01-05T17:48:42Z,false,false,false
Exclusive zero administration intranet,in libero ut massa volutpat convallis morbi odio odio elementum,2019-07-10T11:29:38Z,2020-08-13T19:51:00Z,false,false,true
Team-oriented well-modulated contingency,ligula suspendisse ornare consequat lectus in est risus auctor sed tristique in tempus sit amet sem,2019-09-25T05:23:34Z,2019-10-23T15:44:25Z,false,false,false
Assimilated 3rd generation frame,ut volutpat sapien arcu sed augue aliquam erat volutpat in congue etiam justo etiam pretium iaculis,2020-07-19T18:26:43Z,2020-02-18T06:25:25Z,true,true,true
Open-source systematic toolset,vestibulum sit amet cursus id turpis integer aliquet massa id lobortis,2019-11-06T02:00:21Z,2020-10-11T03:24:38Z,true,true,true
Integrated composite synergy,curae donec pharetra magna vestibulum aliquet ultrices erat tortor sollicitudin mi sit amet lobortis sapien sapien non mi integer,2019-08-04T03:57:45Z,2019-11-19T23:51:39Z,false,true,false
Secured fresh-thinking local area network,ornare consequat lectus in est risus auctor sed tristique in tempus sit amet sem fusce consequat nulla nisl,2020-02-23T17:11:00Z,2020-02-01T21:26:39Z,false,true,true
Monitored local capability,commodo placerat praesent blandit nam nulla integer pede justo lacinia eget tincidunt eget tempus,2020-07-06T17:06:33Z,2020-08-06T12:32:32Z,true,false,false
Innovative grid-enabled extranet,convallis nulla neque libero convallis eget eleifend luctus ultricies eu nibh,2020-01-20T21:27:24Z,2020-03-19T02:17:20Z,false,false,true
Focused needs-based hierarchy,dui nec nisi volutpat eleifend donec ut dolor morbi vel,2020-08-30T22:58:32Z,2020-11-30T17:22:53Z,false,false,true
Multi-tiered fault-tolerant analyzer,aliquam non mauris morbi non lectus aliquam sit amet diam in magna,2020-06-17T09:08:25Z,2020-10-30T09:22:31Z,true,false,false
Open-source mission-critical algorithm,enim sit amet nunc viverra dapibus nulla suscipit ligula in lacus curabitur at ipsum ac tellus semper,2020-06-13T12:59:04Z,2020-12-03T17:42:41Z,true,true,true
Function-based dynamic algorithm,ipsum dolor sit amet consectetuer adipiscing elit proin risus praesent lectus vestibulum quam sapien varius,2019-06-20T15:34:40Z,2020-12-17T12:24:52Z,true,false,true
Extended regional focus group,ut massa quis augue luctus tincidunt nulla mollis molestie lorem quisque ut erat,2019-08-13T15:25:22Z,2020-02-17T12:39:05Z,false,true,true
Realigned mission-critical Graphic Interface,id pretium iaculis diam erat fermentum justo nec condimentum neque sapien placerat ante nulla justo aliquam quis turpis eget elit,2019-11-11T04:11:31Z,2020-06-24T19:55:05Z,false,true,true
Streamlined mission-critical hub,convallis duis consequat dui nec nisi volutpat eleifend donec ut dolor morbi vel lectus in quam fringilla rhoncus,2020-04-01T03:58:43Z,2020-03-21T00:27:06Z,true,false,true
Synchronised asynchronous throughput,nisi vulputate nonummy maecenas tincidunt lacus at velit vivamus vel nulla eget eros elementum pellentesque quisque porta,2019-12-10T14:57:58Z,2020-03-24T12:57:21Z,false,false,true
Upgradable radical interface,nulla nunc purus phasellus in felis donec semper sapien a libero nam dui proin leo odio porttitor,2019-08-13T21:39:31Z,2020-07-18T15:24:54Z,false,false,true
Implemented global success,quis tortor id nulla ultrices aliquet maecenas leo odio condimentum id luctus nec,2019-08-26T10:30:16Z,2020-06-23T05:09:26Z,false,true,false
Right-sized encompassing intranet,posuere felis sed lacus morbi sem mauris laoreet ut rhoncus aliquet pulvinar sed nisl nunc rhoncus dui,2020-08-25T13:48:36Z,2020-08-23T15:58:43Z,true,false,true
Operative bi-directional extranet,suscipit a feugiat et eros vestibulum ac est lacinia nisi venenatis tristique fusce congue diam id ornare imperdiet,2020-05-13T01:53:47Z,2019-12-14T05:55:00Z,true,false,false
Reverse-engineered high-level algorithm,nulla ac enim in tempor turpis nec euismod scelerisque quam turpis adipiscing lorem vitae,2020-06-24T17:41:16Z,2020-01-22T22:21:47Z,false,true,true
Cross-platform holistic paradigm,sit amet cursus id turpis integer aliquet massa id lobortis convallis tortor risus dapibus augue vel accumsan tellus nisi eu,2020-04-04T00:35:43Z,2020-06-06T11:56:32Z,true,true,false
Synergistic mobile artificial intelligence,vestibulum vestibulum ante ipsum primis in faucibus orci luctus et ultrices posuere cubilia,2020-02-27T13:34:11Z,2020-08-31T11:59:15Z,false,false,false
Open-source explicit focus group,varius ut blandit non interdum in ante vestibulum ante ipsum primis in faucibus orci,2020-08-28T12:37:39Z,2020-07-20T11:55:59Z,false,false,true
Sharable systemic algorithm,metus aenean fermentum donec ut mauris eget massa tempor convallis nulla neque libero convallis eget eleifend luctus ultricies,2020-07-19T13:41:29Z,2020-07-19T05:53:26Z,true,true,true
Stand-alone user-facing challenge,tempus sit amet sem fusce consequat nulla nisl nunc nisl duis bibendum,2020-04-02T11:14:59Z,2020-06-22T00:06:27Z,true,true,true
Mandatory actuating matrices,eu est congue elementum in hac habitasse platea dictumst morbi vestibulum velit id pretium iaculis,2020-08-19T23:58:38Z,2020-07-07T04:27:53Z,true,true,true
Customizable maximized structure,eu nibh quisque id justo sit amet sapien dignissim vestibulum vestibulum ante ipsum primis in faucibus orci luctus et,2020-05-02T11:18:44Z,2019-12-07T00:29:37Z,true,false,true
User-centric bi-directional migration,ipsum primis in faucibus orci luctus et ultrices posuere cubilia curae mauris viverra diam vitae quam suspendisse potenti nullam,2020-02-25T22:57:05Z,2020-04-23T20:53:53Z,false,true,false
Grass-roots mission-critical encoding,eleifend luctus ultricies eu nibh quisque id justo sit amet sapien dignissim vestibulum vestibulum ante ipsum,2020-02-05T11:24:31Z,2020-04-09T14:44:06Z,true,false,true
Programmable discrete model,a suscipit nulla elit ac nulla sed vel enim sit amet nunc viverra,2020-09-11T18:52:15Z,2020-05-18T13:01:59Z,false,true,false
Re-engineered solution-oriented adapter,eu tincidunt in leo maecenas pulvinar lobortis est phasellus sit amet erat nulla tempus vivamus in felis eu sapien,2020-09-25T10:12:22Z,2020-03-17T21:48:19Z,false,false,false
Extended local system engine,morbi porttitor lorem id ligula suspendisse ornare consequat lectus in est risus auctor sed tristique,2019-12-24T12:56:52Z,2020-03-06T10:51:41Z,false,false,true
Multi-layered motivating functionalities,felis sed interdum venenatis turpis enim blandit mi in porttitor pede justo eu massa donec dapibus duis at velit eu,2019-10-10T05:50:11Z,2019-10-14T18:31:07Z,false,false,false
Reactive asymmetric functionalities,natoque penatibus et magnis dis parturient montes nascetur ridiculus mus etiam vel augue vestibulum rutrum rutrum neque aenean,2020-04-06T03:16:32Z,2020-04-10T00:00:54Z,false,true,true
Function-based motivating structure,mauris enim leo rhoncus sed vestibulum sit amet cursus id turpis integer aliquet massa id lobortis convallis,2020-08-17T19:23:11Z,2020-02-08T07:09:07Z,true,false,false
Advanced non-volatile intranet,ut volutpat sapien arcu sed augue aliquam erat volutpat in congue etiam justo,2020-04-03T11:22:32Z,2020-01-04T00:21:10Z,true,true,false
Adaptive didactic open architecture,orci luctus et ultrices posuere cubilia curae mauris viverra diam vitae quam suspendisse potenti nullam porttitor lacus at,2020-07-01T19:06:17Z,2020-10-03T05:05:42Z,false,true,false
Down-sized uniform help-desk,nulla eget eros elementum pellentesque quisque porta volutpat erat quisque erat eros viverra eget congue eget semper,2020-01-13T16:21:21Z,2020-03-25T21:36:37Z,true,false,true
Advanced bandwidth-monitored portal,mauris morbi non lectus aliquam sit amet diam in magna bibendum imperdiet nullam orci pede venenatis non sodales,2019-06-05T23:23:30Z,2020-01-24T19:57:22Z,true,false,true
Reduced heuristic projection,erat id mauris vulputate elementum nullam varius nulla facilisi cras non velit nec nisi vulputate nonummy maecenas tincidunt lacus,2019-12-14T04:06:18Z,2020-04-14T15:38:45Z,false,true,true
Persevering encompassing hub,volutpat sapien arcu sed augue aliquam erat volutpat in congue etiam justo etiam pretium iaculis,2020-01-22T18:19:01Z,2020-07-24T17:40:32Z,true,false,true
Multi-lateral multimedia methodology,vel nulla eget eros elementum pellentesque quisque porta volutpat erat quisque erat eros viverra,2020-01-27T10:24:47Z,2019-12-26T03:55:58Z,false,true,false
Versatile disintermediate Graphic Interface,justo in blandit ultrices enim lorem ipsum dolor sit amet consectetuer adipiscing elit proin interdum mauris non ligula pellentesque,2019-07-07T00:06:32Z,2020-09-10T15:26:24Z,false,false,false
Optimized stable synergy,odio condimentum id luctus nec molestie sed justo pellentesque viverra pede ac diam cras pellentesque volutpat dui maecenas tristique est,2020-07-29T18:04:24Z,2020-03-08T03:32:45Z,false,true,false
Ergonomic zero defect time-frame,semper sapien a libero nam dui proin leo odio porttitor id consequat in consequat,2020-02-04T02:54:07Z,2020-06-10T20:26:46Z,true,true,false
Triple-buffered optimizing complexity,felis eu sapien cursus vestibulum proin eu mi nulla ac enim in tempor turpis nec euismod scelerisque,2019-08-19T05:23:39Z,2019-10-25T01:49:30Z,true,false,false
Operative uniform collaboration,amet consectetuer adipiscing elit proin interdum mauris non ligula pellentesque ultrices phasellus id sapien in sapien iaculis congue vivamus,2020-01-07T17:36:18Z,2020-05-30T12:44:14Z,false,false,false
Advanced grid-enabled hub,vestibulum ante ipsum primis in faucibus orci luctus et ultrices posuere cubilia curae donec pharetra magna vestibulum aliquet ultrices erat,2020-06-09T21:09:10Z,2020-06-23T20:31:29Z,false,true,false
Switchable 6th generation toolset,a suscipit nulla elit ac nulla sed vel enim sit amet nunc viverra dapibus nulla,2019-09-14T17:10:41Z,2020-10-16T11:02:03Z,true,true,false
Expanded scalable utilisation,eget vulputate ut ultrices vel augue vestibulum ante ipsum primis in,2020-01-28T00:12:45Z,2020-09-17T06:45:18Z,false,false,false
Cloned composite circuit,sapien iaculis congue vivamus metus arcu adipiscing molestie hendrerit at vulputate vitae nisl,2020-09-11T02:40:01Z,2020-10-12T04:17:03Z,false,false,false
De-engineered interactive archive,proin at turpis a pede posuere nonummy integer non velit donec diam neque vestibulum eget vulputate ut ultrices,2020-03-15T17:33:52Z,2020-12-21T16:03:38Z,false,false,false
Centralized encompassing leverage,nisl ut volutpat sapien arcu sed augue aliquam erat volutpat in congue etiam justo etiam pretium,2019-06-18T06:51:44Z,2019-11-09T20:52:37Z,true,true,false
Managed multimedia solution,vel nulla eget eros elementum pellentesque quisque porta volutpat erat quisque erat eros viverra,2020-01-08T04:26:56Z,2020-10-25T11:48:08Z,true,true,true
Extended value-added intranet,sit amet diam in magna bibendum imperdiet nullam orci pede venenatis non sodales sed tincidunt eu felis fusce posuere,2019-07-18T21:14:05Z,2020-08-24T08:11:53Z,false,true,true
Expanded empowering methodology,in leo maecenas pulvinar lobortis est phasellus sit amet erat nulla,2020-05-07T20:20:38Z,2020-09-03T05:57:26Z,false,true,true
Future-proofed bottom-line algorithm,ultrices enim lorem ipsum dolor sit amet consectetuer adipiscing elit proin,2019-10-08T14:06:27Z,2020-06-05T16:13:41Z,true,false,false
Re-contextualized value-added definition,dictumst maecenas ut massa quis augue luctus tincidunt nulla mollis molestie,2019-08-26T16:09:15Z,2020-09-12T01:02:08Z,false,false,false
Seamless clear-thinking open architecture,habitasse platea dictumst aliquam augue quam sollicitudin vitae consectetuer eget rutrum at lorem integer,2020-04-22T13:41:43Z,2020-01-17T20:01:12Z,true,true,true
Ameliorated attitude-oriented functionalities,eleifend pede libero quis orci nullam molestie nibh in lectus,2019-11-24T08:17:14Z,2020-02-06T15:02:26Z,true,true,false
Stand-alone eco-centric superstructure,semper porta volutpat quam pede lobortis ligula sit amet eleifend pede libero,2020-05-22T22:44:58Z,2020-07-16T22:44:14Z,true,false,false
Streamlined methodical synergy,sapien cum sociis natoque penatibus et magnis dis parturient montes nascetur ridiculus mus etiam vel,2020-08-19T11:56:17Z,2019-11-24T18:00:35Z,false,false,false
Fundamental scalable contingency,imperdiet nullam orci pede venenatis non sodales sed tincidunt eu felis fusce posuere felis sed,2020-03-28T09:02:47Z,2020-01-03T07:59:36Z,false,false,false
Future-proofed local matrices,amet consectetuer adipiscing elit proin interdum mauris non ligula pellentesque ultrices phasellus id sapien,2019-08-16T08:38:21Z,2020-10-02T19:15:28Z,true,false,true
Cross-platform optimal complexity,dapibus dolor vel est donec odio justo sollicitudin ut suscipit a,2020-04-26T12:18:22Z,2020-04-12T13:35:39Z,true,false,false
Managed value-added database,et commodo vulputate justo in blandit ultrices enim lorem ipsum dolor sit amet consectetuer adipiscing elit proin interdum mauris,2020-09-05T17:23:38Z,2020-05-14T12:31:58Z,false,true,false
Polarised holistic database,mattis egestas metus aenean fermentum donec ut mauris eget massa tempor convallis nulla neque libero convallis eget,2020-01-17T19:39:55Z,2019-12-14T17:28:27Z,true,true,false
Multi-lateral optimal attitude,et magnis dis parturient montes nascetur ridiculus mus vivamus vestibulum sagittis sapien cum sociis natoque penatibus et magnis,2020-04-14T06:16:58Z,2020-01-02T07:05:01Z,true,true,false
Object-based 5th generation flexibility,erat vestibulum sed magna at nunc commodo placerat praesent blandit nam nulla integer pede justo lacinia eget tincidunt eget tempus,2020-03-17T21:41:21Z,2019-12-13T05:40:17Z,false,false,false
Stand-alone explicit paradigm,luctus cum sociis natoque penatibus et magnis dis parturient montes nascetur ridiculus mus vivamus vestibulum sagittis sapien cum sociis natoque,2019-09-24T07:25:23Z,2019-10-27T01:38:06Z,false,true,true
Sharable system-worthy projection,tincidunt eu felis fusce posuere felis sed lacus morbi sem mauris laoreet ut,2020-07-08T11:08:33Z,2020-07-08T04:32:22Z,true,false,true
Organic exuding interface,sed lacus morbi sem mauris laoreet ut rhoncus aliquet pulvinar sed nisl nunc rhoncus dui vel sem,2020-02-04T07:04:25Z,2019-11-29T00:46:44Z,false,false,true
Realigned executive infrastructure,magna at nunc commodo placerat praesent blandit nam nulla integer pede justo lacinia eget tincidunt eget tempus,2020-09-06T03:09:12Z,2020-08-09T15:47:08Z,false,false,false
Enterprise-wide homogeneous project,ligula nec sem duis aliquam convallis nunc proin at turpis a pede posuere nonummy integer non velit donec,2019-08-29T00:17:02Z,2020-05-14T16:13:20Z,true,true,false
Object-based human-resource emulation,integer pede justo lacinia eget tincidunt eget tempus vel pede morbi porttitor lorem id ligula suspendisse ornare,2020-05-21T08:28:58Z,2019-10-06T19:02:22Z,true,true,true
Operative zero administration initiative,erat fermentum justo nec condimentum neque sapien placerat ante nulla justo aliquam quis turpis eget elit sodales scelerisque mauris sit,2020-04-28T19:32:55Z,2019-10-22T03:07:46Z,true,false,true
Assimilated cohesive utilisation,dolor sit amet consectetuer adipiscing elit proin risus praesent lectus,2020-08-14T23:13:55Z,2020-04-17T07:30:08Z,false,false,true
Enhanced non-volatile function,fringilla rhoncus mauris enim leo rhoncus sed vestibulum sit amet cursus id,2020-09-16T18:48:13Z,2020-08-11T12:53:36Z,false,true,false
Face to face analyzing knowledge user,donec diam neque vestibulum eget vulputate ut ultrices vel augue vestibulum ante ipsum primis,2020-06-18T12:07:45Z,2020-04-17T07:19:42Z,false,false,false
Advanced even-keeled focus group,eu mi nulla ac enim in tempor turpis nec euismod scelerisque quam turpis,2019-11-22T04:39:04Z,2020-02-28T18:17:48Z,true,true,false
Organic disintermediate functionalities,tempus vel pede morbi porttitor lorem id ligula suspendisse ornare consequat lectus in est risus auctor sed,2019-08-08T17:02:20Z,2020-01-28T02:06:52Z,true,true,true
Compatible next generation archive,phasellus id sapien in sapien iaculis congue vivamus metus arcu adipiscing molestie hendrerit at vulputate vitae,2020-02-10T18:08:57Z,2020-12-16T17:02:13Z,false,true,false
Fully-configurable client-server internet solution,posuere cubilia curae nulla dapibus dolor vel est donec odio justo sollicitudin ut suscipit a,2020-07-15T09:20:56Z,2019-12-15T06:21:12Z,false,true,true
Fundamental foreground instruction set,sapien non mi integer ac neque duis bibendum morbi non quam nec dui luctus,2019-11-09T04:23:35Z,2020-07-21T17:46:18Z,true,true,true
Balanced next generation system engine,posuere felis sed lacus morbi sem mauris laoreet ut rhoncus aliquet pulvinar sed,2019-07-31T20:35:55Z,2020-08-03T07:36:15Z,false,true,false
Centralized explicit firmware,augue aliquam erat volutpat in congue etiam justo etiam pretium iaculis justo,2020-09-26T08:15:44Z,2020-01-08T09:49:31Z,false,false,false
Multi-channelled user-facing functionalities,morbi porttitor lorem id ligula suspendisse ornare consequat lectus in est risus auctor sed tristique in tempus sit amet,2020-01-08T00:46:57Z,2020-10-04T05:22:49Z,true,false,true
Team-oriented neutral data-warehouse,ligula sit amet eleifend pede libero quis orci nullam molestie,2020-06-28T07:53:16Z,2019-10-10T20:06:31Z,true,false,false
Ameliorated zero administration implementation,tellus semper interdum mauris ullamcorper purus sit amet nulla quisque,2020-06-14T18:00:50Z,2020-03-10T04:18:07Z,true,true,true
Business-focused 6th generation groupware,cum sociis natoque penatibus et magnis dis parturient montes nascetur,2020-07-03T06:48:49Z,2020-10-18T21:01:43Z,false,true,false
Integrated full-range capability,nulla sed vel enim sit amet nunc viverra dapibus nulla suscipit ligula in lacus curabitur at ipsum ac,2019-11-23T18:24:47Z,2020-10-22T01:31:46Z,false,true,false
Managed multi-tasking migration,volutpat sapien arcu sed augue aliquam erat volutpat in congue etiam justo etiam pretium iaculis justo in,2020-02-08T07:41:13Z,2020-12-27T07:02:37Z,false,false,true
Exclusive transitional firmware,pulvinar lobortis est phasellus sit amet erat nulla tempus vivamus in felis eu sapien cursus vestibulum proin,2019-12-09T06:05:46Z,2019-10-28T14:28:49Z,true,false,true
Up-sized intangible knowledge user,enim lorem ipsum dolor sit amet consectetuer adipiscing elit proin interdum,2019-08-06T23:22:28Z,2020-09-30T14:20:29Z,false,false,true
Balanced dynamic policy,morbi quis tortor id nulla ultrices aliquet maecenas leo odio condimentum id luctus,2020-03-17T00:25:59Z,2020-11-30T08:14:44Z,true,false,false
Exclusive impactful access,justo sit amet sapien dignissim vestibulum vestibulum ante ipsum primis in faucibus,2019-12-11T13:24:00Z,2020-02-28T14:34:25Z,false,false,false
Enhanced impactful approach,sit amet lobortis sapien sapien non mi integer ac neque duis bibendum morbi non quam,2019-12-14T17:13:57Z,2020-04-30T09:14:11Z,false,false,true
User-friendly directional capability,curabitur gravida nisi at nibh in hac habitasse platea dictumst aliquam augue quam sollicitudin vitae,2019-12-18T03:47:07Z,2020-04-02T13:33:15Z,false,false,true
Object-based secondary framework,nibh in hac habitasse platea dictumst aliquam augue quam sollicitudin vitae,2019-09-09T17:29:51Z,2020-08-21T00:43:46Z,false,false,false
Ergonomic non-volatile pricing structure,sit amet cursus id turpis integer aliquet massa id lobortis convallis tortor risus,2020-02-22T05:50:14Z,2019-10-01T00:57:42Z,true,true,false
Triple-buffered value-added open system,massa donec dapibus duis at velit eu est congue elementum in hac habitasse platea,2020-06-03T06:15:57Z,2020-07-27T12:46:14Z,false,true,true
Assimilated system-worthy array,eget massa tempor convallis nulla neque libero convallis eget eleifend luctus,2020-09-11T08:31:31Z,2020-11-26T10:16:05Z,false,true,false
Mandatory content-based flexibility,dui vel nisl duis ac nibh fusce lacus purus aliquet at feugiat non pretium quis lectus suspendisse,2020-06-07T13:27:06Z,2019-12-02T09:36:42Z,true,false,false
Focused modular database,faucibus orci luctus et ultrices posuere cubilia curae nulla dapibus dolor vel est donec odio justo sollicitudin,2019-09-16T11:45:13Z,2020-10-22T22:53:06Z,false,false,true
User-centric background policy,diam neque vestibulum eget vulputate ut ultrices vel augue vestibulum ante ipsum primis in faucibus orci luctus et ultrices,2019-07-19T21:44:59Z,2020-06-03T01:58:38Z,true,false,false
Profit-focused object-oriented interface,sagittis sapien cum sociis natoque penatibus et magnis dis parturient montes nascetur ridiculus mus etiam vel,2020-02-18T22:40:39Z,2020-12-02T19:07:58Z,true,false,false
Organized encompassing pricing structure,phasellus sit amet erat nulla tempus vivamus in felis eu sapien cursus vestibulum proin eu mi nulla ac enim in,2020-01-09T15:16:14Z,2019-10-31T17:18:40Z,false,true,false
Open-architected disintermediate project,sociis natoque penatibus et magnis dis parturient montes nascetur ridiculus mus,2020-09-13T01:11:51Z,2019-12-02T20:16:53Z,false,false,true
Team-oriented 3rd generation implementation,eget tincidunt eget tempus vel pede morbi porttitor lorem id ligula suspendisse ornare consequat lectus in est risus auctor,2019-11-27T12:46:53Z,2020-05-23T13:44:01Z,true,true,false
Business-focused mobile time-frame,nunc nisl duis bibendum felis sed interdum venenatis turpis enim blandit mi in porttitor pede justo eu massa donec,2019-11-11T13:04:08Z,2019-10-17T23:01:41Z,false,true,false
Open-source methodical projection,elit proin interdum mauris non ligula pellentesque ultrices phasellus id sapien in sapien iaculis congue vivamus metus arcu adipiscing molestie,2020-05-30T02:12:20Z,2020-11-28T17:42:47Z,false,true,false
Organized eco-centric intranet,diam neque vestibulum eget vulputate ut ultrices vel augue vestibulum ante ipsum primis in faucibus,2020-04-30T19:38:46Z,2020-04-01T13:04:00Z,true,true,false
Upgradable encompassing budgetary management,vel est donec odio justo sollicitudin ut suscipit a feugiat et eros vestibulum ac est,2020-09-27T21:21:16Z,2019-12-13T15:54:43Z,true,true,false
Fully-configurable intangible capacity,primis in faucibus orci luctus et ultrices posuere cubilia curae duis faucibus accumsan odio curabitur convallis duis,2019-11-04T14:20:27Z,2020-09-26T13:34:08Z,true,false,true
Adaptive maximized task-force,nisi vulputate nonummy maecenas tincidunt lacus at velit vivamus vel nulla eget eros elementum pellentesque quisque porta volutpat,2019-07-20T00:24:24Z,2020-07-26T16:05:40Z,true,false,false
Team-oriented needs-based success,nam nulla integer pede justo lacinia eget tincidunt eget tempus vel pede morbi porttitor lorem id ligula suspendisse ornare,2019-06-12T00:49:22Z,2020-03-04T06:05:06Z,true,false,false
Progressive didactic portal,faucibus cursus urna ut tellus nulla ut erat id mauris vulputate elementum nullam varius nulla facilisi cras non velit nec,2020-04-20T00:21:10Z,2020-08-24T07:54:26Z,true,true,true
Automated client-server productivity,elit sodales scelerisque mauris sit amet eros suspendisse accumsan tortor quis,2020-05-13T01:48:05Z,2020-06-12T11:15:10Z,false,true,true
Decentralized high-level contingency,praesent id massa id nisl venenatis lacinia aenean sit amet justo morbi ut,2019-12-27T00:38:23Z,2020-06-26T15:19:22Z,true,true,false
Multi-channelled bi-directional function,mauris laoreet ut rhoncus aliquet pulvinar sed nisl nunc rhoncus dui vel sem,2020-08-22T22:03:58Z,2019-10-20T15:54:25Z,false,true,false
Secured interactive paradigm,maecenas pulvinar lobortis est phasellus sit amet erat nulla tempus,2019-10-23T08:17:00Z,2019-10-20T11:46:13Z,false,false,false
Right-sized zero administration frame,nulla facilisi cras non velit nec nisi vulputate nonummy maecenas,2020-08-30T11:55:10Z,2019-11-12T09:52:25Z,true,false,true
Cross-group logistical analyzer,odio justo sollicitudin ut suscipit a feugiat et eros vestibulum ac est lacinia nisi venenatis tristique fusce congue diam id,2020-02-07T01:44:20Z,2020-11-10T00:27:19Z,false,false,true
Self-enabling tertiary archive,vivamus in felis eu sapien cursus vestibulum proin eu mi nulla ac enim in tempor turpis nec euismod,2020-02-18T14:40:43Z,2020-09-15T23:39:23Z,false,false,false
Cloned disintermediate projection,ut erat id mauris vulputate elementum nullam varius nulla facilisi cras non velit nec,2019-08-19T05:46:50Z,2020-11-09T19:40:39Z,false,true,true
Ameliorated background focus group,pede ullamcorper augue a suscipit nulla elit ac nulla sed vel,2020-08-06T09:35:47Z,2020-08-06T17:35:34Z,true,true,false
Monitored client-driven support,turpis donec posuere metus vitae ipsum aliquam non mauris morbi non lectus aliquam sit amet diam in,2020-02-26T01:10:04Z,2020-11-24T03:23:33Z,true,false,true
Cross-group modular array,vestibulum sagittis sapien cum sociis natoque penatibus et magnis dis,2020-05-01T16:17:19Z,2020-02-15T07:38:26Z,true,true,false
Synchronised object-oriented archive,amet cursus id turpis integer aliquet massa id lobortis convallis tortor risus dapibus augue vel,2019-09-14T01:45:19Z,2020-05-31T11:53:26Z,true,true,true
Innovative national website,suspendisse accumsan tortor quis turpis sed ante vivamus tortor duis mattis egestas metus aenean fermentum donec ut,2020-05-18T12:27:43Z,2020-12-29T12:17:47Z,true,false,true
Object-based even-keeled firmware,in eleifend quam a odio in hac habitasse platea dictumst,2019-10-26T11:00:26Z,2020-10-17T02:26:52Z,true,false,true
Intuitive zero tolerance paradigm,odio cras mi pede malesuada in imperdiet et commodo vulputate justo in blandit,2019-09-25T01:11:04Z,2020-03-19T15:19:08Z,true,false,true
Compatible value-added emulation,consequat morbi a ipsum integer a nibh in quis justo maecenas rhoncus aliquam lacus,2020-03-03T10:19:23Z,2020-03-21T22:49:22Z,false,true,true
Digitized even-keeled concept,volutpat sapien arcu sed augue aliquam erat volutpat in congue etiam justo etiam pretium iaculis justo in,2020-08-22T21:45:52Z,2020-10-30T10:38:45Z,true,true,false
Right-sized neutral definition,sem praesent id massa id nisl venenatis lacinia aenean sit amet justo morbi ut odio cras mi pede,2019-07-15T17:20:44Z,2020-02-29T12:56:03Z,true,true,true
Robust regional challenge,mattis egestas metus aenean fermentum donec ut mauris eget massa tempor convallis nulla neque libero convallis,2020-06-20T00:00:00Z,2020-03-07T04:04:14Z,false,false,false
Phased reciprocal encoding,ante vivamus tortor duis mattis egestas metus aenean fermentum donec ut mauris,2020-08-19T17:27:28Z,2020-01-24T17:30:23Z,true,true,false
Horizontal tangible collaboration,aliquam sit amet diam in magna bibendum imperdiet nullam orci pede venenatis non sodales sed tincidunt,2019-10-28T07:12:30Z,2020-08-25T04:43:51Z,true,false,false
Inverse zero administration analyzer,sapien dignissim vestibulum vestibulum ante ipsum primis in faucibus orci luctus et ultrices posuere cubilia curae nulla dapibus dolor vel,2020-06-05T20:26:34Z,2020-03-16T20:01:26Z,true,false,false
Polarised regional attitude,eget orci vehicula condimentum curabitur in libero ut massa volutpat convallis morbi odio odio,2020-07-26T23:00:52Z,2020-06-11T04:28:55Z,true,false,false
Front-line transitional implementation,urna pretium nisl ut volutpat sapien arcu sed augue aliquam erat volutpat in congue etiam justo,2020-04-13T02:18:58Z,2020-03-28T14:03:25Z,false,true,false
Seamless methodical hardware,sollicitudin vitae consectetuer eget rutrum at lorem integer tincidunt ante vel,2019-12-15T09:19:43Z,2020-05-17T04:28:13Z,true,false,false
Face to face secondary protocol,pede justo eu massa donec dapibus duis at velit eu,2019-08-15T03:37:46Z,2020-01-04T04:58:31Z,true,true,true
